{
  "format_version": "1.8.0",
  "minecraft:client_entity": {
    "description": {
      "identifier": "minecraft:beacon_beam",
      "textures": {
        "default": "textures/entity/beacon_beam"
      },
      "geometry": {
        "default": "geometry.beacon_beam"
      },
      "animations": {
        "default": "animation.beacon_beam.default"
      },
      "animation_controllers": [
        {
          "default": "controller.animation.beacon_beam.default"
        }
      ]
    }
  }
}