{
  "format_version": "1.8.0",
  "minecraft:client_entity": {
    "description": {
      "identifier": "minecraft:wall_banner",
      "textures": {
        "default": "textures/entity/banner/banner_base",
        "base": "textures/entity/banner/banner_base",
        "bottom_stripe": "textures/entity/banner/banner_stripe_bottom",
        "top_stripe": "textures/entity/banner/banner_stripe_top",
        "left_stripe": "textures/entity/banner/banner_stripe_left",
        "right_stripe": "textures/entity/banner/banner_stripe_right",
        "center_stripe_vertical": "textures/entity/banner/banner_stripe_center",
        "middle_stripe_horizontal": "textures/entity/banner/banner_stripe_middle",
        "down_right_stripe": "textures/entity/banner/banner_stripe_downright",
        "down_left_stripe": "textures/entity/banner/banner_stripe_downleft",
        "small_vertical_stripes": "textures/entity/banner/banner_small_stripes",
        "diagonal_cross": "textures/entity/banner/banner_cross",
        "square_cross": "textures/entity/banner/banner_straight_cross",
        "left_diagonal": "textures/entity/banner/banner_diagonal_left",
        "right_upside_down_diagonal": "textures/entity/banner/banner_diagonal_up_right",
        "left_upside_down_diagonal": "textures/entity/banner/banner_diagonal_up_left",
        "right_diagonal": "textures/entity/banner/banner_diagonal_right",
        "vertical_half_left": "textures/entity/banner/banner_half_vertical",
        "vertical_half_right": "textures/entity/banner/banner_half_vertical_right",
        "horizontal_half_top": "textures/entity/banner/banner_half_horizontal",
        "horizontal_half_bottom": "textures/entity/banner/banner_half_horizontal_bottom",
        "bottom_left_corner": "textures/entity/banner/banner_square_bottom_left",
        "bottom_right_corner": "textures/entity/banner/banner_square_bottom_right",
        "top_left_corner": "textures/entity/banner/banner_square_top_left",
        "top_right_corner": "textures/entity/banner/banner_square_top_right",
        "bottom_triangle": "textures/entity/banner/banner_triangle_bottom",
        "top_triangle": "textures/entity/banner/banner_triangle_top",
        "bottom_triangle_sawtooth": "textures/entity/banner/banner_triangles_bottom",
        "top_triangle_sawtooth": "textures/entity/banner/banner_triangles_top",
        "middle_circle": "textures/entity/banner/banner_circle",
        "middle_rhombus": "textures/entity/banner/banner_rhombus",
        "border": "textures/entity/banner/banner_border",
        "curly_border": "textures/entity/banner/banner_curly_border",
        "brick": "textures/entity/banner/banner_bricks",
        "gradient": "textures/entity/banner/banner_gradient",
        "gradient_upside_down": "textures/entity/banner/banner_gradient_up",
        "creeper": "textures/entity/banner/banner_creeper",
        "skull": "textures/entity/banner/banner_skull",
        "flower": "textures/entity/banner/banner_flower",
        "mojang": "textures/entity/banner/banner_mojang",
        "globe": "textures/entity/banner/banner_pattern_illager",
        "piglin": "textures/entity/banner/banner_piglin"
      },
      "geometry": {
        "default": "geometry.wall_banner"
      },
      "animations": {
        "default": "animation.banner.default"
      },
      "animation_controllers": [
        {
          "default": "controller.animation.banner.default"
        }
      ]
    }
  }
}