{
    "variants": {
        "map=false,facing=north": { 
            "model": "block/item_frame"
        },
        "map=true,facing=north": { 
            "model": "block/item_frame_map"
        },
        "map=false,facing=east": { 
            "model": "block/item_frame",
            "y": 90
        },
        "map=true,facing=east": { 
            "model": "block/item_frame_map",
            "y": 90
        },
        "map=false,facing=south": { 
            "model": "block/item_frame",
            "y": 180
        },
        "map=true,facing=south": { 
            "model": "block/item_frame_map",
            "y": 180
        },
        "map=false,facing=west": { 
            "model": "block/item_frame",
            "y": 270
        },
        "map=true,facing=west": { 
            "model": "block/item_frame_map",
            "y": 270
        }
    }
}
