{
	"format_version": "1.8.0",
	"animations": {
		"animation.alex.enchanttable.idle": {
			"loop": true,
			"animation_length": 4,
			"bones": {
				"book": {
					"rotation": {
						"0.0": [0, 0, 0],
						"1.0": [0, -45, 0],
						"2.5": {"pre": [0, -360, 0], "post": [0, 0, 0]},
						"3.0": [0, 0, 0],
						"4.0": [0, 0, 0]
					}
				},
				"book_front": {
					"rotation": {
						"0.0": [0, 0, -70],
						"0.5": [0, 0, 0],
						"2.5": [0, 0, 0],
						"3.0": [0, 0, -70]
					}
				},
				"book_back": {
					"rotation": {
						"0.0": [0, 0, 70],
						"0.5": [0, 0, 0],
						"2.5": [0, 0, 0],
						"3.0": [0, 0, 70]
					}
				}
			}
		}
	}
}