{
	"format_version": "1.12.0",
	"minecraft:geometry": [
		{
			"description": {
				"identifier": "geometry.beacon_beam",
				"texture_width": 16,
				"texture_height": 4096,
				"visible_bounds_width": 3,
				"visible_bounds_height": 258,
				"visible_bounds_offset": [0, 128, 0]
			},
			"bones": [
				{
					"name": "root",
					"pivot": [0, 0, 0]
				},
				{
					"name": "beam",
					"parent": "root",
					"pivot": [0, 0, 0],
					"cubes": [
						{
							"origin": [-2.5, 0, -2.5],
							"size": [5, 4096, 5],
							"uv": {
								"north": {"uv": [0, 0], "uv_size": [16, 4096]},
								"east": {"uv": [0, 0], "uv_size": [16, 4096]},
								"south": {"uv": [0, 0], "uv_size": [16, 4096]},
								"west": {"uv": [0, 0], "uv_size": [16, 4096]}
							}
						},
						{
							"origin": [-2.5, -16, -2.5],
							"size": [5, 16, 5],
							"uv": {
								"north": {"uv": [0, 0], "uv_size": [16, 16]},
								"east": {"uv": [0, 0], "uv_size": [16, 16]},
								"south": {"uv": [0, 0], "uv_size": [16, 16]},
								"west": {"uv": [0, 0], "uv_size": [16, 16]}
							}
						}
					]
				},
				{
					"name": "outer_beam",
					"parent": "root",
					"pivot": [0, 0, 0]
				}
			]
		}
	]
}