{
	"format_version": "1.12.0",
	"minecraft:geometry": [
		{
			"description": {
				"identifier": "geometry.bed",
				"texture_width": 64,
				"texture_height": 64,
				"visible_bounds_width": 4,
				"visible_bounds_height": 2,
				"visible_bounds_offset": [0, 1, 0]
			},
			"bones": [
				{
					"name": "root",
					"pivot": [0, 0, 0],
					"rotation": [-90, 0, 0]
				},
				{
					"name": "other",
					"parent": "root",
					"pivot": [0, 0, 0],
					"cubes": [
						{"origin": [-8, -8, -9], "size": [16, 32, 6], "uv": [0, 0]},
						{"origin": [-5, 23, -3], "size": [10, 1, 3], "uv": [38, 2]},
						{"origin": [-5, -8, -3], "size": [10, 1, 3], "uv": [38, 38]},
						{"origin": [7, -5, -3], "size": [1, 26, 3], "uv": [52, 6]},
						{"origin": [-8, -5, -3], "size": [1, 26, 3], "uv": [44, 6]}
					]
				},
				{
					"name": "leg0",
					"parent": "root",
					"pivot": [-5, 30, -8],
					"cubes": [
						{"origin": [-8, 21, -3], "size": [3, 3, 3], "uv": [0, 38]}
					]
				},
				{
					"name": "leg1",
					"parent": "root",
					"pivot": [6.5, 30.5, -0.5],
					"cubes": [
						{"origin": [5, 21, -3], "size": [3, 3, 3], "uv": [12, 38]}
					]
				},
				{
					"name": "leg2",
					"parent": "root",
					"pivot": [-2, 12, 0],
					"cubes": [
						{"origin": [-8, -8, -3], "size": [3, 3, 3], "uv": [0, 44]}
					]
				},
				{
					"name": "leg3",
					"parent": "root",
					"pivot": [6.5, -6.5, 7.5],
					"cubes": [
						{"origin": [5, -8, -3], "size": [3, 3, 3], "uv": [12, 44]}
					]
				}
			]
		}
	]
}