{
	"format_version": "1.12.0",
	"minecraft:geometry": [
		{
			"description": {
				"identifier": "geometry.alex.enchanttable",
				"texture_width": 64,
				"texture_height": 32,
				"visible_bounds_width": 2,
				"visible_bounds_height": 2.5,
				"visible_bounds_offset": [0, 0.75, 0]
			},
			"bones": [
				{
					"name": "book",
					"pivot": [0, 14, 0],
					"cubes": [
						{
							"origin": [-1, 14, -5],
							"size": [2, 0, 10],
							"uv": {
								"north": {"uv": [8, 20], "uv_size": [8, 0]},
								"east": {"uv": [-32, 20], "uv_size": [40, 0]},
								"south": {"uv": [56, 20], "uv_size": [8, 0]},
								"west": {"uv": [16, 20], "uv_size": [40, 0]},
								"up": {"uv": [14, 0], "uv_size": [2, 10]},
								"down": {"uv": [12, 10], "uv_size": [2, -10]}
							}
						}
					]
				},
				{
					"name": "book_front",
					"parent": "book",
					"pivot": [-1, 14, 0],
					"rotation": [0, 0, 90],
					"cubes": [
						{
							"origin": [-6, 14, -4],
							"size": [5, 1, 8],
							"uv": {
								"north": {"uv": [1, 10], "uv_size": [5, 1]},
								"east": {"uv": [6, 11], "uv_size": [1, 8]},
								"south": {"uv": [6, 10], "uv_size": [5, 1]},
								"west": {"uv": [0, 11], "uv_size": [1, 8]},
								"up": {"uv": [7, 19], "uv_size": [5, -8]}
							}
						},
						{
							"origin": [-7, 14, -5],
							"size": [6, 0, 10],
							"uv": {
								"north": {"uv": [0, 0], "uv_size": [6, 0]},
								"east": {"uv": [0, 0], "uv_size": [10, 0]},
								"south": {"uv": [0, 0], "uv_size": [6, 0]},
								"west": {"uv": [0, 0], "uv_size": [10, 0]},
								"up": {"uv": [0, 10], "uv_size": [6, -10]},
								"down": {"uv": [12, 10], "uv_size": [-6, -10]}
							}
						}
					]
				},
				{
					"name": "book_back",
					"parent": "book",
					"pivot": [1, 14, 0],
					"rotation": [0, 0, -90],
					"cubes": [
						{
							"origin": [1, 14, -4],
							"size": [5, 1, 8],
							"uv": {
								"north": {"uv": [13, 10], "uv_size": [5, 1]},
								"east": {"uv": [12, 11], "uv_size": [1, 8]},
								"south": {"uv": [18, 10], "uv_size": [5, 1]},
								"west": {"uv": [18, 11], "uv_size": [1, 8]},
								"up": {"uv": [13, 19], "uv_size": [5, -8]}
							}
						},
						{
							"origin": [1, 14, -5],
							"size": [6, 0, 10],
							"uv": {
								"north": {"uv": [0, 0], "uv_size": [6, 0]},
								"east": {"uv": [0, 0], "uv_size": [10, 0]},
								"south": {"uv": [0, 0], "uv_size": [6, 0]},
								"west": {"uv": [0, 0], "uv_size": [10, 0]},
								"up": {"uv": [16, 10], "uv_size": [6, -10]},
								"down": {"uv": [28, 10], "uv_size": [-6, -10]}
							}
						}
					]
				}
			]
		}
	]
}